dataset,feature_strategy,model,fold,accuracy,precision,recall,f1,roc_auc
A_Full_ALSvsHC,Full_214_LASSO,QSVM,1,0.6129032258064516,0.4444444444444444,0.36363636363636365,0.4,0.5818181818181818
A_Full_ALSvsHC,Full_214_LASSO,QSVM,2,0.5806451612903226,0.2857142857142857,0.2,0.23529411764705882,0.4190476190476191
A_Full_ALSvsHC,Full_214_LASSO,QSVM,3,0.7096774193548387,0.6,0.3,0.4,0.5333333333333333
A_Full_ALSvsHC,Full_214_LASSO,QSVM,4,0.6333333333333333,0.4,0.2,0.26666666666666666,0.67
A_Full_ALSvsHC,Full_214_LASSO,QSVM,5,0.7333333333333333,0.6666666666666666,0.4,0.5,0.71
A_Full_ALSvsHC,Full_214_LASSO,QSVM,6,0.5806451612903226,0.25,0.09090909090909091,0.13333333333333333,0.48636363636363633
A_Full_ALSvsHC,Full_214_LASSO,QSVM,7,0.5161290322580645,0.14285714285714285,0.1,0.11764705882352941,0.1952380952380953
A_Full_ALSvsHC,Full_214_LASSO,QSVM,8,0.6129032258064516,0.3333333333333333,0.2,0.25,0.6285714285714286
A_Full_ALSvsHC,Full_214_LASSO,QSVM,9,0.5666666666666667,0.2857142857142857,0.2,0.23529411764705882,0.49
A_Full_ALSvsHC,Full_214_LASSO,QSVM,10,0.6333333333333333,0.42857142857142855,0.3,0.35294117647058826,0.45999999999999996
A_Full_ALSvsHC,Full_214_LASSO,QSVM,11,0.5161290322580645,0.25,0.18181818181818182,0.21052631578947367,0.48636363636363633
A_Full_ALSvsHC,Full_214_LASSO,QSVM,12,0.6451612903225806,0.42857142857142855,0.3,0.35294117647058826,0.5285714285714286
A_Full_ALSvsHC,Full_214_LASSO,QSVM,13,0.6129032258064516,0.0,0.0,0.0,0.5095238095238095
A_Full_ALSvsHC,Full_214_LASSO,QSVM,14,0.7666666666666667,0.8,0.4,0.5333333333333333,0.63
A_Full_ALSvsHC,Full_214_LASSO,QSVM,15,0.6666666666666666,0.5,0.2,0.2857142857142857,0.49
A_Full_ALSvsHC,Full_214_LASSO,VQC,1,0.5806451612903226,0.4375,0.6363636363636364,0.5185185185185185,0.6727272727272727
A_Full_ALSvsHC,Full_214_LASSO,VQC,2,0.3548387096774194,0.25,0.5,0.3333333333333333,0.4380952380952381
A_Full_ALSvsHC,Full_214_LASSO,VQC,3,0.41935483870967744,0.3181818181818182,0.7,0.4375,0.4
A_Full_ALSvsHC,Full_214_LASSO,VQC,4,0.4,0.2777777777777778,0.5,0.35714285714285715,0.44
A_Full_ALSvsHC,Full_214_LASSO,VQC,5,0.6333333333333333,0.4666666666666667,0.7,0.56,0.68
A_Full_ALSvsHC,Full_214_LASSO,VQC,6,0.45161290322580644,0.3333333333333333,0.5454545454545454,0.41379310344827586,0.4568181818181818
A_Full_ALSvsHC,Full_214_LASSO,VQC,7,0.2903225806451613,0.07142857142857142,0.1,0.08333333333333333,0.23809523809523814
A_Full_ALSvsHC,Full_214_LASSO,VQC,8,0.5161290322580645,0.3333333333333333,0.5,0.4,0.5166666666666667
A_Full_ALSvsHC,Full_214_LASSO,VQC,9,0.5333333333333333,0.3,0.3,0.3,0.47750000000000004
A_Full_ALSvsHC,Full_214_LASSO,VQC,10,0.5333333333333333,0.4,0.8,0.5333333333333333,0.5425
A_Full_ALSvsHC,Full_214_LASSO,VQC,11,0.5161290322580645,0.3,0.2727272727272727,0.2857142857142857,0.4431818181818182
A_Full_ALSvsHC,Full_214_LASSO,VQC,12,0.5483870967741935,0.375,0.6,0.46153846153846156,0.4761904761904762
A_Full_ALSvsHC,Full_214_LASSO,VQC,13,0.4838709677419355,0.2857142857142857,0.4,0.3333333333333333,0.39047619047619053
A_Full_ALSvsHC,Full_214_LASSO,VQC,14,0.6,0.4,0.4,0.4,0.6425
A_Full_ALSvsHC,Full_214_LASSO,VQC,15,0.6333333333333333,0.45454545454545453,0.5,0.47619047619047616,0.67
A_Full_ALSvsHC,Full_214_LASSO,QNN,1,0.3548387096774194,0.2857142857142857,0.5454545454545454,0.375,0.3977272727272727
A_Full_ALSvsHC,Full_214_LASSO,QNN,2,0.41935483870967744,0.3181818181818182,0.7,0.4375,0.44285714285714284
A_Full_ALSvsHC,Full_214_LASSO,QNN,3,0.3225806451612903,0.23809523809523808,0.5,0.3225806451612903,0.41904761904761906
A_Full_ALSvsHC,Full_214_LASSO,QNN,4,0.6333333333333333,0.47058823529411764,0.8,0.5925925925925926,0.675
A_Full_ALSvsHC,Full_214_LASSO,QNN,5,0.4666666666666667,0.3125,0.5,0.38461538461538464,0.45000000000000007
A_Full_ALSvsHC,Full_214_LASSO,QNN,6,0.5806451612903226,0.42857142857142855,0.5454545454545454,0.48,0.5477272727272727
A_Full_ALSvsHC,Full_214_LASSO,QNN,7,0.45161290322580644,0.3333333333333333,0.7,0.45161290322580644,0.41666666666666663
A_Full_ALSvsHC,Full_214_LASSO,QNN,8,0.5161290322580645,0.38095238095238093,0.8,0.5161290322580645,0.5904761904761905
A_Full_ALSvsHC,Full_214_LASSO,QNN,9,0.4,0.3,0.6,0.4,0.425
A_Full_ALSvsHC,Full_214_LASSO,QNN,10,0.4,0.3,0.6,0.4,0.45000000000000007
A_Full_ALSvsHC,Full_214_LASSO,QNN,11,0.6774193548387096,0.5294117647058824,0.8181818181818182,0.6428571428571429,0.7090909090909092
A_Full_ALSvsHC,Full_214_LASSO,QNN,12,0.2903225806451613,0.22727272727272727,0.5,0.3125,0.2952380952380952
A_Full_ALSvsHC,Full_214_LASSO,QNN,13,0.6451612903225806,0.45454545454545453,0.5,0.47619047619047616,0.6071428571428571
A_Full_ALSvsHC,Full_214_LASSO,QNN,14,0.3333333333333333,0.2222222222222222,0.4,0.2857142857142857,0.35
A_Full_ALSvsHC,Full_214_LASSO,QNN,15,0.5333333333333333,0.4,0.8,0.5333333333333333,0.6000000000000001
A_Full_ALSvsHC,Curated_Pool_LASSO,QSVM,1,0.5806451612903226,0.25,0.09090909090909091,0.13333333333333333,0.40909090909090906
A_Full_ALSvsHC,Curated_Pool_LASSO,QSVM,2,0.5806451612903226,0.3333333333333333,0.3,0.3157894736842105,0.4095238095238095
A_Full_ALSvsHC,Curated_Pool_LASSO,QSVM,3,0.6774193548387096,0.5,0.1,0.16666666666666666,0.6047619047619048
A_Full_ALSvsHC,Curated_Pool_LASSO,QSVM,4,0.7333333333333333,0.75,0.3,0.42857142857142855,0.645
A_Full_ALSvsHC,Curated_Pool_LASSO,QSVM,5,0.7666666666666667,0.8,0.4,0.5333333333333333,0.645
A_Full_ALSvsHC,Curated_Pool_LASSO,QSVM,6,0.6451612903225806,0.5,0.45454545454545453,0.47619047619047616,0.6
A_Full_ALSvsHC,Curated_Pool_LASSO,QSVM,7,0.6451612903225806,0.4,0.2,0.26666666666666666,0.6000000000000001
A_Full_ALSvsHC,Curated_Pool_LASSO,QSVM,8,0.7741935483870968,1.0,0.3,0.46153846153846156,0.49047619047619045
A_Full_ALSvsHC,Curated_Pool_LASSO,QSVM,9,0.6,0.375,0.3,0.3333333333333333,0.55
A_Full_ALSvsHC,Curated_Pool_LASSO,QSVM,10,0.5666666666666667,0.2857142857142857,0.2,0.23529411764705882,0.515
A_Full_ALSvsHC,Curated_Pool_LASSO,QSVM,11,0.5806451612903226,0.375,0.2727272727272727,0.3157894736842105,0.4590909090909091
A_Full_ALSvsHC,Curated_Pool_LASSO,QSVM,12,0.7096774193548387,0.6666666666666666,0.2,0.3076923076923077,0.5190476190476191
A_Full_ALSvsHC,Curated_Pool_LASSO,QSVM,13,0.4838709677419355,0.0,0.0,0.0,0.4428571428571428
A_Full_ALSvsHC,Curated_Pool_LASSO,QSVM,14,0.5666666666666667,0.38461538461538464,0.5,0.43478260869565216,0.585
A_Full_ALSvsHC,Curated_Pool_LASSO,QSVM,15,0.5666666666666667,0.0,0.0,0.0,0.41000000000000003
A_Full_ALSvsHC,Curated_Pool_LASSO,VQC,1,0.41935483870967744,0.29411764705882354,0.45454545454545453,0.35714285714285715,0.47500000000000003
A_Full_ALSvsHC,Curated_Pool_LASSO,VQC,2,0.3870967741935484,0.2631578947368421,0.5,0.3448275862068966,0.5142857142857143
A_Full_ALSvsHC,Curated_Pool_LASSO,VQC,3,0.3870967741935484,0.2631578947368421,0.5,0.3448275862068966,0.4976190476190476
A_Full_ALSvsHC,Curated_Pool_LASSO,VQC,4,0.6333333333333333,0.46153846153846156,0.6,0.5217391304347826,0.635
A_Full_ALSvsHC,Curated_Pool_LASSO,VQC,5,0.5,0.14285714285714285,0.1,0.11764705882352941,0.265
A_Full_ALSvsHC,Curated_Pool_LASSO,VQC,6,0.5483870967741935,0.42105263157894735,0.7272727272727273,0.5333333333333333,0.5704545454545454
A_Full_ALSvsHC,Curated_Pool_LASSO,VQC,7,0.6129032258064516,0.4444444444444444,0.8,0.5714285714285714,0.7571428571428571
A_Full_ALSvsHC,Curated_Pool_LASSO,VQC,8,0.5161290322580645,0.2222222222222222,0.2,0.21052631578947367,0.3738095238095238
A_Full_ALSvsHC,Curated_Pool_LASSO,VQC,9,0.6333333333333333,0.45454545454545453,0.5,0.47619047619047616,0.61
A_Full_ALSvsHC,Curated_Pool_LASSO,VQC,10,0.6333333333333333,0.47058823529411764,0.8,0.5925925925925926,0.6625000000000001
A_Full_ALSvsHC,Curated_Pool_LASSO,VQC,11,0.5483870967741935,0.36363636363636365,0.36363636363636365,0.36363636363636365,0.5977272727272727
A_Full_ALSvsHC,Curated_Pool_LASSO,VQC,12,0.4838709677419355,0.3333333333333333,0.6,0.42857142857142855,0.4238095238095238
A_Full_ALSvsHC,Curated_Pool_LASSO,VQC,13,0.41935483870967744,0.25,0.4,0.3076923076923077,0.4119047619047619
A_Full_ALSvsHC,Curated_Pool_LASSO,VQC,14,0.5,0.35294117647058826,0.6,0.4444444444444444,0.575
A_Full_ALSvsHC,Curated_Pool_LASSO,VQC,15,0.6,0.4166666666666667,0.5,0.45454545454545453,0.6125
A_Full_ALSvsHC,Curated_Pool_LASSO,QNN,1,0.5161290322580645,0.35714285714285715,0.45454545454545453,0.4,0.5022727272727273
A_Full_ALSvsHC,Curated_Pool_LASSO,QNN,2,0.3870967741935484,0.30434782608695654,0.7,0.42424242424242425,0.46904761904761905
A_Full_ALSvsHC,Curated_Pool_LASSO,QNN,3,0.5806451612903226,0.4,0.6,0.48,0.6357142857142857
A_Full_ALSvsHC,Curated_Pool_LASSO,QNN,4,0.5666666666666667,0.4,0.6,0.48,0.55
A_Full_ALSvsHC,Curated_Pool_LASSO,QNN,5,0.43333333333333335,0.29411764705882354,0.5,0.37037037037037035,0.45000000000000007
A_Full_ALSvsHC,Curated_Pool_LASSO,QNN,6,0.5483870967741935,0.43478260869565216,0.9090909090909091,0.5882352941176471,0.6295454545454546
A_Full_ALSvsHC,Curated_Pool_LASSO,QNN,7,0.41935483870967744,0.2777777777777778,0.5,0.35714285714285715,0.4642857142857143
A_Full_ALSvsHC,Curated_Pool_LASSO,QNN,8,0.45161290322580644,0.3157894736842105,0.6,0.41379310344827586,0.4904761904761905
A_Full_ALSvsHC,Curated_Pool_LASSO,QNN,9,0.43333333333333335,0.29411764705882354,0.5,0.37037037037037035,0.5
A_Full_ALSvsHC,Curated_Pool_LASSO,QNN,10,0.5333333333333333,0.4,0.8,0.5333333333333333,0.6000000000000001
A_Full_ALSvsHC,Curated_Pool_LASSO,QNN,11,0.4838709677419355,0.4,0.9090909090909091,0.5555555555555556,0.5340909090909092
A_Full_ALSvsHC,Curated_Pool_LASSO,QNN,12,0.3225806451612903,0.2608695652173913,0.6,0.36363636363636365,0.3952380952380953
A_Full_ALSvsHC,Curated_Pool_LASSO,QNN,13,0.3548387096774194,0.25,0.5,0.3333333333333333,0.39285714285714285
A_Full_ALSvsHC,Curated_Pool_LASSO,QNN,14,0.4666666666666667,0.375,0.9,0.5294117647058824,0.575
A_Full_ALSvsHC,Curated_Pool_LASSO,QNN,15,0.5666666666666667,0.36363636363636365,0.4,0.38095238095238093,0.5249999999999999
B_StrictDysarthricALSvsHC,Full_214_LASSO,QSVM,1,0.5,0.7,0.6363636363636364,0.6666666666666666,0.45454545454545453
B_StrictDysarthricALSvsHC,Full_214_LASSO,QSVM,2,0.7142857142857143,0.7142857142857143,1.0,0.8333333333333334,0.5999999999999999
B_StrictDysarthricALSvsHC,Full_214_LASSO,QSVM,3,0.7142857142857143,0.75,0.9,0.8181818181818182,0.8
B_StrictDysarthricALSvsHC,Full_214_LASSO,QSVM,4,0.6428571428571429,0.7272727272727273,0.8,0.7619047619047619,0.6
B_StrictDysarthricALSvsHC,Full_214_LASSO,QSVM,5,0.7692307692307693,0.8181818181818182,0.9,0.8571428571428571,0.6333333333333333
B_StrictDysarthricALSvsHC,Full_214_LASSO,QSVM,6,0.5714285714285714,0.7777777777777778,0.6363636363636364,0.7,0.3939393939393939
B_StrictDysarthricALSvsHC,Full_214_LASSO,QSVM,7,0.8571428571428571,0.8333333333333334,1.0,0.9090909090909091,0.75
B_StrictDysarthricALSvsHC,Full_214_LASSO,QSVM,8,0.7142857142857143,0.75,0.9,0.8181818181818182,0.475
B_StrictDysarthricALSvsHC,Full_214_LASSO,QSVM,9,0.7142857142857143,0.75,0.9,0.8181818181818182,0.7
B_StrictDysarthricALSvsHC,Full_214_LASSO,QSVM,10,0.6153846153846154,0.7777777777777778,0.7,0.7368421052631579,0.3333333333333333
B_StrictDysarthricALSvsHC,Full_214_LASSO,QSVM,11,0.6428571428571429,0.8,0.7272727272727273,0.7619047619047619,0.4545454545454546
B_StrictDysarthricALSvsHC,Full_214_LASSO,QSVM,12,0.7857142857142857,0.7692307692307693,1.0,0.8695652173913043,0.625
B_StrictDysarthricALSvsHC,Full_214_LASSO,QSVM,13,0.6428571428571429,0.6923076923076923,0.9,0.782608695652174,0.575
B_StrictDysarthricALSvsHC,Full_214_LASSO,QSVM,14,0.8571428571428571,0.8333333333333334,1.0,0.9090909090909091,0.875
B_StrictDysarthricALSvsHC,Full_214_LASSO,QSVM,15,0.6923076923076923,0.75,0.9,0.8181818181818182,0.6666666666666666
B_StrictDysarthricALSvsHC,Full_214_LASSO,VQC,1,0.7142857142857143,1.0,0.6363636363636364,0.7777777777777778,0.7878787878787878
B_StrictDysarthricALSvsHC,Full_214_LASSO,VQC,2,0.5,0.7142857142857143,0.5,0.5882352941176471,0.35000000000000003
B_StrictDysarthricALSvsHC,Full_214_LASSO,VQC,3,0.7142857142857143,0.8,0.8,0.8,0.75
B_StrictDysarthricALSvsHC,Full_214_LASSO,VQC,4,0.5,0.8,0.4,0.5333333333333333,0.45
B_StrictDysarthricALSvsHC,Full_214_LASSO,VQC,5,0.6153846153846154,0.7272727272727273,0.8,0.7619047619047619,0.5333333333333333
B_StrictDysarthricALSvsHC,Full_214_LASSO,VQC,6,0.35714285714285715,0.625,0.45454545454545453,0.5263157894736842,0.12121212121212123
B_StrictDysarthricALSvsHC,Full_214_LASSO,VQC,7,0.8571428571428571,0.9,0.9,0.9,0.775
B_StrictDysarthricALSvsHC,Full_214_LASSO,VQC,8,0.7857142857142857,0.8888888888888888,0.8,0.8421052631578947,0.7
B_StrictDysarthricALSvsHC,Full_214_LASSO,VQC,9,0.6428571428571429,1.0,0.5,0.6666666666666666,0.7250000000000001
B_StrictDysarthricALSvsHC,Full_214_LASSO,VQC,10,0.46153846153846156,0.8,0.4,0.5333333333333333,0.45
B_StrictDysarthricALSvsHC,Full_214_LASSO,VQC,11,0.42857142857142855,0.7142857142857143,0.45454545454545453,0.5555555555555556,0.33333333333333337
B_StrictDysarthricALSvsHC,Full_214_LASSO,VQC,12,0.7142857142857143,0.875,0.7,0.7777777777777778,0.625
B_StrictDysarthricALSvsHC,Full_214_LASSO,VQC,13,0.35714285714285715,0.5714285714285714,0.4,0.47058823529411764,0.45
B_StrictDysarthricALSvsHC,Full_214_LASSO,VQC,14,0.5,0.6363636363636364,0.7,0.6666666666666666,0.3625
B_StrictDysarthricALSvsHC,Full_214_LASSO,VQC,15,0.5384615384615384,0.75,0.6,0.6666666666666666,0.5333333333333333
B_StrictDysarthricALSvsHC,Full_214_LASSO,QNN,1,0.5714285714285714,0.8571428571428571,0.5454545454545454,0.6666666666666666,0.5606060606060607
B_StrictDysarthricALSvsHC,Full_214_LASSO,QNN,2,0.5714285714285714,0.7,0.7,0.7,0.475
B_StrictDysarthricALSvsHC,Full_214_LASSO,QNN,3,0.6428571428571429,0.8571428571428571,0.6,0.7058823529411765,0.625
B_StrictDysarthricALSvsHC,Full_214_LASSO,QNN,4,0.7142857142857143,0.875,0.7,0.7777777777777778,0.725
B_StrictDysarthricALSvsHC,Full_214_LASSO,QNN,5,0.6153846153846154,0.7272727272727273,0.8,0.7619047619047619,0.4
B_StrictDysarthricALSvsHC,Full_214_LASSO,QNN,6,0.5714285714285714,0.7777777777777778,0.6363636363636364,0.7,0.48484848484848486
B_StrictDysarthricALSvsHC,Full_214_LASSO,QNN,7,0.6428571428571429,0.7272727272727273,0.8,0.7619047619047619,0.525
B_StrictDysarthricALSvsHC,Full_214_LASSO,QNN,8,0.5714285714285714,0.7,0.7,0.7,0.475
B_StrictDysarthricALSvsHC,Full_214_LASSO,QNN,9,0.42857142857142855,0.6,0.6,0.6,0.3
B_StrictDysarthricALSvsHC,Full_214_LASSO,QNN,10,0.46153846153846156,0.7142857142857143,0.5,0.5882352941176471,0.41666666666666663
B_StrictDysarthricALSvsHC,Full_214_LASSO,QNN,11,0.42857142857142855,0.6666666666666666,0.5454545454545454,0.6,0.2727272727272727
B_StrictDysarthricALSvsHC,Full_214_LASSO,QNN,12,0.42857142857142855,0.6666666666666666,0.4,0.5,0.44999999999999996
B_StrictDysarthricALSvsHC,Full_214_LASSO,QNN,13,0.21428571428571427,0.42857142857142855,0.3,0.35294117647058826,0.15
B_StrictDysarthricALSvsHC,Full_214_LASSO,QNN,14,0.5714285714285714,0.7,0.7,0.7,0.475
B_StrictDysarthricALSvsHC,Full_214_LASSO,QNN,15,0.6153846153846154,0.7272727272727273,0.8,0.7619047619047619,0.4
B_StrictDysarthricALSvsHC,Curated_Pool_LASSO,QSVM,1,0.7142857142857143,0.8181818181818182,0.8181818181818182,0.8181818181818182,0.5454545454545454
B_StrictDysarthricALSvsHC,Curated_Pool_LASSO,QSVM,2,0.5,0.6666666666666666,0.6,0.631578947368421,0.5
B_StrictDysarthricALSvsHC,Curated_Pool_LASSO,QSVM,3,0.5714285714285714,0.6666666666666666,0.8,0.7272727272727273,0.45
B_StrictDysarthricALSvsHC,Curated_Pool_LASSO,QSVM,4,0.5,0.6363636363636364,0.7,0.6666666666666666,0.375
B_StrictDysarthricALSvsHC,Curated_Pool_LASSO,QSVM,5,0.5384615384615384,0.7,0.7,0.7,0.5666666666666667
B_StrictDysarthricALSvsHC,Curated_Pool_LASSO,QSVM,6,0.7857142857142857,0.8333333333333334,0.9090909090909091,0.8695652173913043,0.606060606060606
B_StrictDysarthricALSvsHC,Curated_Pool_LASSO,QSVM,7,0.7142857142857143,0.7142857142857143,1.0,0.8333333333333334,0.47500000000000003
B_StrictDysarthricALSvsHC,Curated_Pool_LASSO,QSVM,8,0.7142857142857143,0.75,0.9,0.8181818181818182,0.55
B_StrictDysarthricALSvsHC,Curated_Pool_LASSO,QSVM,9,0.6428571428571429,0.7272727272727273,0.8,0.7619047619047619,0.725
B_StrictDysarthricALSvsHC,Curated_Pool_LASSO,QSVM,10,0.7692307692307693,0.8181818181818182,0.9,0.8571428571428571,0.5333333333333334
B_StrictDysarthricALSvsHC,Curated_Pool_LASSO,QSVM,11,0.6428571428571429,0.75,0.8181818181818182,0.782608695652174,0.4545454545454546
B_StrictDysarthricALSvsHC,Curated_Pool_LASSO,QSVM,12,0.7142857142857143,0.75,0.9,0.8181818181818182,0.7
B_StrictDysarthricALSvsHC,Curated_Pool_LASSO,QSVM,13,0.6428571428571429,0.6923076923076923,0.9,0.782608695652174,0.35
B_StrictDysarthricALSvsHC,Curated_Pool_LASSO,QSVM,14,0.7142857142857143,0.7142857142857143,1.0,0.8333333333333334,0.55
B_StrictDysarthricALSvsHC,Curated_Pool_LASSO,QSVM,15,0.6923076923076923,0.75,0.9,0.8181818181818182,0.5
B_StrictDysarthricALSvsHC,Curated_Pool_LASSO,VQC,1,0.5714285714285714,1.0,0.45454545454545453,0.625,0.8787878787878789
B_StrictDysarthricALSvsHC,Curated_Pool_LASSO,VQC,2,0.5714285714285714,0.8333333333333334,0.5,0.625,0.6499999999999999
B_StrictDysarthricALSvsHC,Curated_Pool_LASSO,VQC,3,0.7142857142857143,0.8,0.8,0.8,0.625
B_StrictDysarthricALSvsHC,Curated_Pool_LASSO,VQC,4,0.7142857142857143,0.8,0.8,0.8,0.42500000000000004
B_StrictDysarthricALSvsHC,Curated_Pool_LASSO,VQC,5,0.5384615384615384,0.8333333333333334,0.5,0.625,0.4
B_StrictDysarthricALSvsHC,Curated_Pool_LASSO,VQC,6,0.5714285714285714,0.7777777777777778,0.6363636363636364,0.7,0.5151515151515151
B_StrictDysarthricALSvsHC,Curated_Pool_LASSO,VQC,7,0.6428571428571429,0.7777777777777778,0.7,0.7368421052631579,0.75
B_StrictDysarthricALSvsHC,Curated_Pool_LASSO,VQC,8,0.5,0.7142857142857143,0.5,0.5882352941176471,0.45000000000000007
B_StrictDysarthricALSvsHC,Curated_Pool_LASSO,VQC,9,0.7142857142857143,1.0,0.6,0.75,0.8
B_StrictDysarthricALSvsHC,Curated_Pool_LASSO,VQC,10,0.6923076923076923,0.875,0.7,0.7777777777777778,0.5333333333333334
B_StrictDysarthricALSvsHC,Curated_Pool_LASSO,VQC,11,0.6428571428571429,0.875,0.6363636363636364,0.7368421052631579,0.5151515151515151
B_StrictDysarthricALSvsHC,Curated_Pool_LASSO,VQC,12,0.5,0.7142857142857143,0.5,0.5882352941176471,0.3625
B_StrictDysarthricALSvsHC,Curated_Pool_LASSO,VQC,13,0.5,0.7142857142857143,0.5,0.5882352941176471,0.5
B_StrictDysarthricALSvsHC,Curated_Pool_LASSO,VQC,14,0.7142857142857143,0.8,0.8,0.8,0.6000000000000001
B_StrictDysarthricALSvsHC,Curated_Pool_LASSO,VQC,15,0.8461538461538461,0.9,0.9,0.9,0.6333333333333334
B_StrictDysarthricALSvsHC,Curated_Pool_LASSO,QNN,1,0.6428571428571429,1.0,0.5454545454545454,0.7058823529411765,0.7727272727272727
B_StrictDysarthricALSvsHC,Curated_Pool_LASSO,QNN,2,0.6428571428571429,0.7272727272727273,0.8,0.7619047619047619,0.525
B_StrictDysarthricALSvsHC,Curated_Pool_LASSO,QNN,3,0.5714285714285714,0.8333333333333334,0.5,0.625,0.675
B_StrictDysarthricALSvsHC,Curated_Pool_LASSO,QNN,4,0.5714285714285714,0.75,0.6,0.6666666666666666,0.55
B_StrictDysarthricALSvsHC,Curated_Pool_LASSO,QNN,5,0.6153846153846154,0.7272727272727273,0.8,0.7619047619047619,0.4
B_StrictDysarthricALSvsHC,Curated_Pool_LASSO,QNN,6,0.5,0.7,0.6363636363636364,0.6666666666666666,0.3181818181818182
B_StrictDysarthricALSvsHC,Curated_Pool_LASSO,QNN,7,0.5714285714285714,0.7,0.7,0.7,0.475
B_StrictDysarthricALSvsHC,Curated_Pool_LASSO,QNN,8,0.5,0.6666666666666666,0.6,0.631578947368421,0.3
B_StrictDysarthricALSvsHC,Curated_Pool_LASSO,QNN,9,0.6428571428571429,0.7272727272727273,0.8,0.7619047619047619,0.525
B_StrictDysarthricALSvsHC,Curated_Pool_LASSO,QNN,10,0.6923076923076923,0.8,0.8,0.8,0.5666666666666667
B_StrictDysarthricALSvsHC,Curated_Pool_LASSO,QNN,11,0.7142857142857143,0.8888888888888888,0.7272727272727273,0.8,0.696969696969697
B_StrictDysarthricALSvsHC,Curated_Pool_LASSO,QNN,12,0.5714285714285714,0.7,0.7,0.7,0.475
B_StrictDysarthricALSvsHC,Curated_Pool_LASSO,QNN,13,0.5714285714285714,0.7,0.7,0.7,0.475
B_StrictDysarthricALSvsHC,Curated_Pool_LASSO,QNN,14,0.6428571428571429,0.6923076923076923,0.9,0.782608695652174,0.45
B_StrictDysarthricALSvsHC,Curated_Pool_LASSO,QNN,15,0.5384615384615384,0.75,0.6,0.6666666666666666,0.4666666666666667
